Product Name,Product Name,Discount,Rating
Women's adidas Originals NMD_Racer Primeknit Shoes,Women's adidas Originals NMD_Racer Primeknit Shoes,50,4.8
Women's adidas Originals Sleek Shoes,Women's adidas Originals Sleek Shoes,50,3.3
Women's adidas Swim Puka Slippers,Women's adidas Swim Puka Slippers,40,2.6
Women's adidas Sport Inspired Questar Ride Shoes,Women's adidas Sport Inspired Questar Ride Shoes,50,4.1
Women's adidas Originals Taekwondo Shoes,Women's adidas Originals Taekwondo Shoes,50,3.5
Women's adidas Sport Inspired Duramo Lite 2.0 Shoes,Women's adidas Sport Inspired Duramo Lite 2.1 Shoes,60,1
Women's adidas Sport Inspired Duramo Lite 2.0 Shoes,Women's adidas Sport Inspired Duramo Lite 2.1 Shoes,50,4.4
Women's adidas Swim Puka Slippers,Women's adidas Swim Puka Slippers,40,2.8
WOMEN'S ADIDAS RUNNING DURAMO 9 SHOES,WOMEN'S ADIDAS RUNNING DURAMO 10 SHOES,50,4.5
Men's adidas Originals Forest Grove Shoes,Men's adidas Originals Forest Grove Shoes,40,4
Women's adidas Originals Swift Run Shoes,Women's adidas Originals Swift Run Shoes,40,2.7
Women's adidas Originals Continental Vulc Shoes,Women's adidas Originals Continental Vulc Shoes,40,4.2
Women's adidas Running Duramo 9 Shoes,Women's adidas Running Duramo 10 Shoes,50,2.6
Women's adidas Originals Supercourt Shoes,Women's adidas Originals Supercourt Shoes,40,3.1
Men's adidas Sport Inspired Response Trail Shoes,Men's adidas Sport Inspired Response Trail Shoes,50,3.2
Women's adidas Running Cosmic 2 Shoes,Women's adidas Running Cosmic 3 Shoes,50,3.1
Women's adidas Sport Inspired Storm Runner Shoes,Women's adidas Sport Inspired Storm Runner Shoes,50,1
Women's adidas Sport Inspired Quickspike Shoes,Women's adidas Sport Inspired Quickspike Shoes,50,3.1
WOMEN'S ADIDAS SWIM CLOUDFOAM FLIP FLOPS,WOMEN'S ADIDAS SWIM CLOUDFOAM FLIP FLOPS,50,2.7
Women's adidas Sport Inspired Lite Racer Shoes,Women's adidas Sport Inspired Lite Racer Shoes,50,3.8
Women's adidas Running Duramo 9 Shoes,Women's adidas Running Duramo 10 Shoes,50,5
Women's adidas Sport Inspired Arcadeis Shoes,Women's adidas Sport Inspired Arcadeis Shoes,50,3.7
Women's adidas Sport Inspired Videll Shoes,Women's adidas Sport Inspired Videll Shoes,40,3.9
Women's adidas Running EnergyFalcon X Shoes,Women's adidas Running EnergyFalcon X Shoes,50,4.4
Women's adidas Sport Inspired Videll Shoes,Women's adidas Sport Inspired Videll Shoes,50,3.6
Women's adidas Running Hellion Z Shoes,Women's adidas Running Hellion Z Shoes,40,2.7
Women's adidas Sport Inspired Videll Shoes,Women's adidas Sport Inspired Videll Shoes,40,3.2
Women's adidas Sport Inspired Arcadeis Shoes,Women's adidas Sport Inspired Arcadeis Shoes,50,4.9
Women's adidas Sport Inspired Cloudfoam Pure Shoes,Women's adidas Sport Inspired Cloudfoam Pure Shoes,40,5
Women's adidas Running Hellion Z Shoes,Women's adidas Running Hellion Z Shoes,40,3.6
Women's adidas Sport Inspired Yking 2.0 Shoes,Women's adidas Sport Inspired Yking 2.1 Shoes,40,2.2
Women's adidas Running Hellion Z Shoes,Women's adidas Running Hellion Z Shoes,40,3.9
Women's adidas Sport Inspired Yking 2.0 Shoes,Women's adidas Sport Inspired Yking 2.1 Shoes,40,3.4
Women's adidas Sport Inspired RunFalcon Shoes,Women's adidas Sport Inspired RunFalcon Shoes,40,3.3
Women's adidas Sport Inspired Quickspike Shoes,Women's adidas Sport Inspired Quickspike Shoes,40,4.8
Women's adidas Sport Inspired Blaze Runner Shoes,Women's adidas Sport Inspired Blaze Runner Shoes,40,3.6
Women's adidas Sport Inspired Lite Racer CLN Shoes,Women's adidas Sport Inspired Lite Racer CLN Shoes,40,4.1
Women's adidas Sport Inspired Blaze Runner Shoes,Women's adidas Sport Inspired Blaze Runner Shoes,40,3.6
Women's adidas Nova Run X Shoes,Women's adidas Nova Run X Shoes,40,2.5
Women's adidas Sport Inspired Questar Flow Shoes,Women's adidas Sport Inspired Questar Flow Shoes,40,2.7
Women's adidas Sport Inspired Questar Flow Shoes,Women's adidas Sport Inspired Questar Flow Shoes,40,2.5
Women's adidas Running EnergyFalcon X Shoes,Women's adidas Running EnergyFalcon X Shoes,40,1.5
Women's adidas Running Asweego Shoes,Women's adidas Running Asweego Shoes,40,2.6
Women's adidas Running Sooraj Shoes,Women's adidas Running Sooraj Shoes,40,5
Women's adidas Sport Inspired Questar Ride Shoes,Women's adidas Sport Inspired Questar Ride Shoes,40,4.5
Men's adidas Sport Inspired Run 70s Shoes,Men's adidas Sport Inspired Run 71s Shoes,40,3.9
Women's adidas Running Asweerun Shoes,Women's adidas Running Asweerun Shoes,40,3.2
Women's adidas Sport Inspired Archivo Shoes,Women's adidas Sport Inspired Archivo Shoes,40,3.9
Women's Sport Inspired Yking 2.0 Shoes,Women's Sport Inspired Yking 2.1 Shoes,40,2
Women's adidas Sport Inspired Archivo Shoes,Women's adidas Sport Inspired Archivo Shoes,40,1
Women's adidas Running Response Trail X Shoes,Women's adidas Running Response Trail X Shoes,40,3.3
Women's adidas Running EnergyFalcon X Shoes,Women's adidas Running EnergyFalcon X Shoes,40,4.1
Women's adidas Originals Marathon Tech Shoes,Women's adidas Originals Marathon Tech Shoes,40,4.4
Women's adidas Originals U_Path Run Shoes,Women's adidas Originals U_Path Run Shoes,40,4.8
Men's adidas Sport Inspired Drogo Shoes,Men's adidas Sport Inspired Drogo Shoes,50,3.5
Women's adidas Originals Stan Smith Shoes,Women's adidas Originals Stan Smith Shoes,40,4
Women's adidas Running Sooraj Shoes,Women's adidas Running Sooraj Shoes,40,4.8
Women's adidas Originals U_Path Run Shoes,Women's adidas Originals U_Path Run Shoes,40,4.5
Men's adidas Sport Inspired Run 70s Shoes,Men's adidas Sport Inspired Run 71s Shoes,40,4.7
Men's adidas Running Nayo 1.0 shoes,Men's adidas Running Nayo 1.1 shoes,60,3.8
Men's adidas Sports Inspired Lite Racer Shoes,Men's adidas Sports Inspired Lite Racer Shoes,50,1.5
Men's adidas Running Nepton 2.0 Shoes,Men's adidas Running Nepton 2.1 Shoes,50,0
Women's adidas Running Aseerun Shoes,Women's adidas Running Aseerun Shoes,40,4.8
Men's adidas Running Torik Shoes,Men's adidas Running Torik Shoes,50,4.4
Men's adidas Sport Inspired Kalus 1.0 Shoes,Men's adidas Sport Inspired Kalus 1.1 Shoes,50,3
Men's adidas Running Duramo 9 Shoes,Men's adidas Running Duramo 10 Shoes,40,3.9
Women's adidas Originals Continental 80 Shoes,Women's adidas Originals Continental 81 Shoes,40,4
MEN'S adidas RUNNING YAMO 1.0 SHOES,MEN'S adidas RUNNING YAMO 1.1 SHOES,50,4.3
men's ADIDAS RUNNING NEBULAR 1.0 SHOES,men's ADIDAS RUNNING NEBULAR 1.1 SHOES,50,4.3
MEN'S ADIDAS RUNNING LEGUS SHOES,MEN'S ADIDAS RUNNING LEGUS SHOES,50,3.7
Men's adidas Originals Supercourt Shoes,Men's adidas Originals Supercourt Shoes,40,4.3
Men's adidas Toe Side II Slippers,Men's adidas Toe Side II Slippers,40,1.5
Men's adidas Outdoor Elevate Sandals,Men's adidas Outdoor Elevate Sandals,50,2.8
men's ADIDAS RUNNING NEBULAR 1.0 SHOES,men's ADIDAS RUNNING NEBULAR 1.1 SHOES,50,5
Men's adidas Originals Superstar Shoes,Men's adidas Originals Superstar Shoes,0,4.9
Men's adidas Originals Stan Smith Shoes,Men's adidas Originals Stan Smith Shoes,50,4
Men's adidas Sport Inspired Duramo Lite 2.0 Shoes,Men's adidas Sport Inspired Duramo Lite 2.1 Shoes,50,4.3
Men's adidas Swim Ozor III Slippers,Men's adidas Swim Ozor III Slippers,40,2.2
Men's adidas Swim Gadi Slippers,Men's adidas Swim Gadi Slippers,50,3.7
MEN'S ADIDAS RUNNING LEGUS SHOES,MEN'S ADIDAS RUNNING LEGUS SHOES,50,2.7
Men's adidas Originals CAMPUS Low Shoes,Men's adidas Originals CAMPUS Low Shoes,50,2
MEN'S ADIDAS RUNNING HELKIN 3.0 SHOES,MEN'S ADIDAS RUNNING HELKIN 3.1 SHOES,50,4
MEN'S ADIDAS RUNNING LEGUS 1.0 SHOES,MEN'S ADIDAS RUNNING LEGUS 1.1 SHOES,50,2.5
Men's adidas Running Kollide Shoes,Men's adidas Running Kollide Shoes,50,5
Men's adidas Running Edge PR Shoes,Men's adidas Running Edge PR Shoes,50,4.2
Men's adidas Originals FuturePacer Shoes,Men's adidas Originals FuturePacer Shoes,50,3.5
MEN'S ADIDAS ORIGINALS MICROPACER X R1 SHOES,MEN'S ADIDAS ORIGINALS MICROPACER X R2 SHOES,50,0
Men's adidas Outdoor Andorian Shoes,Men's adidas Outdoor Andorian Shoes,50,0
Men's adidas Sport Inspired Advantage Base Shoes,Men's adidas Sport Inspired Advantage Base Shoes,50,3.5
Men's adidas Running Galaxy 4 Shoes,Men's adidas Running Galaxy 5 Shoes,50,2.4
MEN'S ADIDAS ESSENTIALS EEZAY FLIP-FLOPS,MEN'S ADIDAS ESSENTIALS EEZAY FLIP-FLOPS,50,0
men's ADIDAS ORIGINALS PW HU HOLI STAN SMITH SHOES,men's ADIDAS ORIGINALS PW HU HOLI STAN SMITH SHOES,50,3.1
MEN'S ADIDAS RUNNING ZETA 1.0 SHOES,MEN'S ADIDAS RUNNING ZETA 1.1 SHOES,50,4.4
Men's adidas Running PureBounce+ Clima Shoes,Men's adidas Running PureBounce+ Clima Shoes,50,3.4
Men's adidas Running Duramo 9 Shoes,Men's adidas Running Duramo 10 Shoes,50,3.8
MEN'S ADIDAS RUNNING HELKIN 3.0 SHOES,MEN'S ADIDAS RUNNING HELKIN 3.1 SHOES,50,3
MEN'S ADIDAS RUNNING ARIUS 1.0 SHOES,MEN'S ADIDAS RUNNING ARIUS 1.1 SHOES,50,3.5
Men's adidas Originals Skateboarding Seeley Shoes,Men's adidas Originals Skateboarding Seeley Shoes,40,4.3
MEN'S ADIDAS RUNNING HELKIN 3.0 SHOES,MEN'S ADIDAS RUNNING HELKIN 3.1 SHOES,50,2.2
Men's adidas Running Grito Shoes,Men's adidas Running Grito Shoes,50,3.5
